marker,n,mean_sent,prop_neg,prop_pos
suri,19155,-0.6424398793622801,0.8339859044635866,0.16601409553641347
